{
  "id": "lb-fgf-m4r-ik.waterblobs",
  "name": "Water Blobs",
  "version": "1.2.0",
  "authors": "the one who screams I guess, M4rbleL1ne",
  "description": "A downpour port of the Water Blob: a new creature that bounces around, eats batflies, and bursts into edible pieces when killed. For use in custom regions or fun in arena. (original mod from the one who screams I guess, requires Fisobs)",
  "requirements": ["fisobs"],
  "requirements_names": ["Fisobs"],
  "checksum_override_version": false
}